id_collection,name_collection
0,No Collection
86224,The Saint Collection
96665,Dumb And Dumber Collection
98513,Behind Enemy Lines Collection
296872,See No Evil Collection
96472,Brother Bear Collection
8581,A Nightmare On Elm Street Collection
108804,Outpost Collection
124951,Mannequin Collection
153010,Beauty And The Beast Collection
144689,Honey Collection
43220,National Lampoon’S Van Wilder Collection
404111,100 Girls Collection
215606,Seven Dwarfs Collection
93220,Miss Congeniality Collection
131295,Captain America Collection
300431,Lucky Stars Collection
85946,District 13 Collection
19262,Trapped In The Closet
476071,No Collection
276838,When A Stranger Calls Collection
86486,Spy Kids Collection
115838,Escape From ... Collection
397842,The Amityville Horror Collection
121195,9½ Weeks Collection
98430,Feast Collection
467577,Evil Bong Collection
118657,Annika Bengtzon Collection
306063,Saints And Soldiers Collection
10893,Critters Collection
174245,Alien Nation Collection
131635,The Hunger Games Collection
98853,Cyborg Collection
224976,Road House Collection
99727,Stuart Little Collection
131292,Iron Man Collection
420,The Chronicles Of Narnia Collection
33085,The Little Mermaid Collection
423173,Bad Santa Collection
439053,Brooklyn Cigar Store Collection
104774,Tomtar Och Trolltyg Collection
9338,Police Academy Collection
124935,The Lawnmower Man Collection
325798,Star Crash Collection
180019,V: The Collection
43063,Half Past Dead Collection
176118,The Are We Collection
17368,The Sisterhood Of The Traveling Pants Collection
89137,How To Train Your Dragon Collection
2150,Shrek Collection
10194,Toy Story Collection
131296,Thor Collection
256377,The Muppet Collection
10924,From Dusk Till Dawn Collection
43072,The Mask Collection
9887,Species Collection
105322,Kickboxer Collection
101646,Vares Collection
9735,Friday The 13Th Collection
34055,Pokémon Collection
125574,The Amazing Spider-Man Collection
104068,Tales Of The Four Seasons
109592,No Collection
192541,The Twins Effect Collection
238448,Les Ripoux - Trilogie
184977,Shaolin Temple Collection
422834,Ant-Man Collection
52760,Urban Legend
86112,Vacancy Collection
89264,Romancing The Stone Collection
10522,Starship Troopers Collection
10453,Poltergeist Collection
312882,Pierino - Serie Ufficiale
14563,The Ring Collection
86024,Legally Blonde Collection
86307,Cocoon Collection
261590,Living Dead Collection
97460,Lady And The Tramp Collection
109609,The Fly Collection
88735,K-9 Collection
135489,Wishmaster Collection
52888,The Visitors Collection
11794,Ginger Snaps Collection
10713,Universal Soldier Collection
243811,Paradise Trilogy
133830,Star Wars: The Ewok Adventures Collection
8783,Fievel Collection
264335,The Eye Collection
95664,Deuce Bigalow Collection
74083,Flodder Collection
10709,The Mighty Ducks Collection
43563,Friday Collection
168880,Beethoven Collection
181502,Screwballs Collection
385650,The Spiritual Boxer Collection
76291,Simon Brenner Collection
9500,Werner Collection
169452,Dragonheart Collection
124916,101 Dalmatians (Live-Action) Collection
268014,The Big Bottom Box
86116,Death Race Collection
232844,No Collection
8580,The Karate Kid Collection
381396,Bats Collection
264,Back To The Future Collection
105075,The Shadow Collection
91697,Battlestar Galactica (Reboot) Collection
155474,French Connection Collection
10517,Le Gendarme De St. Tropez Collection
385717,Thermae Romae Collection
114374,Fist Of The North Star: The Legends Of The True Savior
14740,Madagascar Collection
102322,Sherlock Holmes Collection
136214,Pocahontas Collection
97456,The Hunchback Of Notre Dame Collection
9436,The Crow Collection
116661,The Arrival Collection
255478,No Collection
159616,East Is East Collection
246839,Center Stage Collection
189157,Love In A... Collection
277739,"Heaven, Hell And Purgatory Collection"
119674,Psycho Collection
115822,Dracula 2000 Collection
167552,Lemon Popsicle Collection
10455,No Collection
8647,The Skulls Collection
87256,Beverly Hills Chihuahua Collection
399,Predator Collection
126221,George Of The Jungle Collection
145784,The Philadelphia Experiment - Collezione
176097,Barbershop Collection
10457,Once Upon A Time In China Collection
99606,Mean Girls Collection
166698,Westworld Collection
374512,Godzilla (Millennium) Collection
147669,Das Sams Collection
10456,Dirty Harry Collection
445118,Mark Collection
74508,[Rec] Collection
33938,Airport Collection
52783,Wall Street Collection
87236,Mulan Collection
210006,Machete Collection
91361,Halloween Collection
86058,Dirty Dancing Collection
312977,Iron Sky Collection
143755,Henry: Portrait Of A Serial Killer Collection
55422,Peter Pan Collection
10721,Mimic Collection
228887,Daddy Day Camp Collection
286948,Nemesis Collection
86105,American Psycho Collection
135498,King Kong (1976 Series)
12077,No Collection
95891,In China They Eat Dogs Collection
269098,Police Story Collection
146534,Without A Paddle Collection
645,James Bond Collection
10919,The Omen Collection
351721,The Sheriff And The Satellite Kid Collection
386818,Django - Original Films
58588,Infernal Affairs Collection
425175,Texas Chainsaw (Reboot) Collection
259401,The Invisible Man (Universal Series)
418219,Carmina - Colección
415931,The Bowery Boys
238419,Anders Matthesen
131,Three Colors Collection
247294,Showgirls Collection
288280,Saturday Night Fever Collection
3169,Dr. Dolittle Collection
115225,Children Of The Corn Collection
98580,Candyman Collection
460292,The Lone Ranger (Clayton Moore) Collection
91799,Tremors Collection
93568,Cross Of Iron Collection
459434,Sherlock Holmes: The Golden Years Collection
285130,2001 Maniacs Collection
309259,Naked Collection
162028,Stakeout Collection
100965,Atlantis Collection
166378,Joy Ride Collection
12087,Herbie Collection
69788,Sharpe Collection
10789,Pet Sematary Collection
479888,The Thing Collection
366826,Navarone Collection
409026,Nobody Collection
10441,Babylon 5 Collection
91427,Agent Cody Banks Collection
101471,Return Of The Living Dead Collection
375886,Willard
105764,The Tall Blond Man Collection
180546,Grown Ups Collection
86119,The Hangover Collection
93791,Anchorman Collection
386382,Frozen Collection
177467,Cloudy With A Chance Of Meatballs Collection
87253,High School Musical Collection
100970,The Fox And The Hound Collection
353325,Joe Dirt Collection
145901,Lupin The Third Collection
141649,Three Steps Above Heaven Collection
221537,Creature From The Black Lagoon (Universal Series)
146136,Armour Of God Collection
87255,Hoodwinked! Collection
401261,Hate Story Collection
87014,Cats & Dogs Collection
10,Star Wars Collection
87220,Smokey And The Bandit Collection
114783,Cheaper By The Dozen Collection
167985,Richie Rich Collection
167716,The Bill Douglas Trilogy
59235,Jesse Stone Collection
86860,Scooby-Doo Collection
12263,The Exorcist Collection
123251,Iron Eagle Collection
356437,Living Trilogy
94039,Asterix And Obelix (Animation) Collection
10964,Flatfoot Collection
251970,The Protector Collection
138968,The Gingerdead Man Collection
117927,House Of The Dead Collection
97771,Major League Collection
180854,Problem Child Collection
86341,Fortress Collection
107674,The Princess Diaries Collection
57971,The Rescuers Collection
86334,The Prince & Me Collection
292068,The Pact Collection
183680,Oss 117 The Original Saga
108693,No Collection
72119,"Honey, I Shrunk The Kids Collection"
305360,Lucky Luke (Terence Hill) Collection
473850,My Sassy Girl Collection
165679,No Collection
52835,French Fried Vacation
112406,The Aum Shinrikyo Collection
427944,The Happy Hooker Collection
430186,Bring It On Collection
55419,Cinderella Collection
355490,Freeway Collection
12203,Drunken Master Collection
462565,The Secret Garden Collection
105995,Anaconda Collection
86027,Aladdin Collection
363966,Care Bears Collection
8917,Hellraiser Collection
437451,Cinderella Story Collection
17235,Hellboy Collection
30663,Harold & Kumar Collection
35792,Nanny Mcphee Collection
101688,Cannonball Run Collection
158365,Why We Fight
174218,The Howling Collection
118415,Berserk: Golden Age Arc
150156,City Slickers Collection
173344,Qatsi Collection
192532,Dead Or Alive Collection
458095,Super Giant Collection
85960,My Girl Collection
175763,Tekwar Collection
203910,Pusher Collection
188577,Tognazzi & Vianello Collection
87536,Warlock Collection
94899,Jeepers Creepers Collection
221966,The Odd Couple Collection
299748,Walking Tall Collection
435805,The Man From U.N.C.L.E. Collection
166844,No Collection
248339,House On Haunted Hill Collection
11118,The Olsen Gang Collection
53159,The Santa Clause Collection
25410,The Art Of War Collection
344936,Unna Trilogie
8537,Superman Collection
102782,House Collection
306031,Pitch Perfect Collection
98036,Re-Animator Collection
94032,The Lion King Collection
9743,The Hannibal Lecter Anthology
33071,Cheech & Chong Collection
99635,A Better Tomorrow Collection
187736,Leningrad Cowboys Collection
207447,Firestarter Collection
140910,All Dogs Go To Heaven Collection
286935,Silence Of God Trilogy By Ingmar Bergman
11716,Addams Family Collection
119050,Grumpy Old Men Collection
87214,The Sandlot Collection
59586,The Blue Lagoon Collection
64750,Blair Witch Collection
97461,Lilo & Stitch Collection
201576,The Cabin Fever Collection
297142,White Collar Hooligan Collection
164397,Class Of 1999 Collection
44979,No Collection
112636,The Blues Brothers Collection
937,The Pink Panther (Original) Collection
11582,Don Camillo Collection
427397,The Angrez Collection
261526,Slap Shot Collection
93295,48 Hrs. Collection
143757,Stir Of Echoes Collection
296358,Anche Gli Angeli - Collezione
95051,The Up Series
122489,Billa Collection
11875,Pippi Longstocking
107688,3 Men Collection
458558,Mamma Mia! Collection
469613,Los Leguineche - Colección
87800,Appleseed Collection
207952,Barrytown Trilogy
261203,Street Fighter
386410,Dragon Ball Collection
52785,Xxx Collection
239968,La Cage Aux Folles
178117,No Collection
36694,Bloodsport Collection
141292,The Secret Of Nimh Collection
264338,No Collection
386534,... Has Fallen Collection
326795,Freche Mädchen Filmreihe
409138,Yossi Collection
244500,Gangs Of Wasseypur Collection
280562,The Guyver Collection
98168,Fright Night Collection
376863,This Is England Collection
118828,Space Chimps Collection
102777,White Noise Collection
134011,The Fugitive / U.S. Marshals Collection
19285,Leprechaun Collection (Original Series)
123213,The Fly (1958 Series)
173628,Nekromantik Collection
43066,Teen Wolf Collection
141086,Heavy Metal Collection
284433,Guardians Of The Galaxy Collection
275402,Spongebob Collection
1972,Ju-On Collection
23616,Naruto Collection
108125,The 36Th Chamber Of Shaolin Collection
251117,Kenny Rogers Legend Of The Gambler
96871,Father Of The Bride Collection
106498,Dungeons & Dragons Collection
123724,Dracula (Hammer Series)
387219,The Hustler Collection
266731,Cat Stevens Y Hutch Bessy Trilogy
153636,Flower And Snake Collection
127280,The Three Mothers Collection
124901,Hatchet Collection
108502,The Discworld Collection
656,Saw Collection
87805,The Gods Must Be Crazy Collection
321063,The Sinbad Collection
187089,Emil I Lönneberga
173710,Planet Of The Apes (Reboot) Collection
86347,Short Circuit Collection
9329,Young Guns Collection
174386,Into The Blue Collection
104847,Caddyshack Collection
217704,The Vampire Chronicles
9068,The Prophecy Collection
9521,No Collection
392206,The Monkey King Collection
25542,An American Girl Collection
137697,Finding Nemo Collection
119,The Lord Of The Rings Collection
252338,The Four Collection
412300,Fontaine Khaled Collection
425189,Dragon Ball Z Ova Collection
12075,Elling Collection
17178,Jackass Collection
130440,The Pink Panther (Steve Martin) Collection
86028,The Nutty Professor Collection
195441,Dennis The Menace Collection
23026,Ghost In The Shell Collection
149704,Alone In The Dark Collection
19163,The Land Before Time Collection
261307,Alice In Wonderland Collection
161373,Tai Chi Collection
385528,Outrage Collection
8050,Highlander Collection
374384,Stepford Collection
178654,White Fang Collection
100693,101 Dalmatians (Animated) Collection
97237,Faces Of Death Collection
267922,The Hills Have Eyes (Original) Collection
96677,Red Cliff Collection
121938,The Hobbit Collection
141290,The Lord Of The Rings Animated Collection
248534,Batman: The Dark Knight Returns Collection
466318,Bachelor Party Collection
87631,The Musketeers Collection
211075,Panda! Go Panda! Collección
2326,Underworld Collection
1241,Harry Potter Collection
132877,Painted Skin Collection
1575,Rocky Collection
175858,Hidden Collection
377545,Samurai Trilogy
90306,Ghost Rider Collection
91945,American Ninja Collection
261382,No Collection
435347,男はつらいよ シリーズ
9888,Home Alone Collection
160792,Prudence Et Bélisaire Beresford Collection
201873,A Christmas Story Collection
52985,Wrong Turn Collection
145553,Slayers - Movie Collection
374511,Godzilla (Heisei) Collection
476056,Fritz The Cat Collection
224478,The Brady Bunch Collection
190435,Street Fighter Collection
110021,The Magnificent Seven Collection
124881,Street Kings Collection
103372,Mr. Bean Collection
97307,Bloodrayne Collection
135416,Prometheus Collection
68589,The Wixxer Trilogy
425164,Dragon Ball Z (Movie) Collection
272416,Lauras Stern
125570,300 Collection
148517,No Collection
384920,"No Retreat, No Surrender Collection"
247028,Rurouni Kenshin Live-Action Collection
286936,Cyborg 009 Collection
748,X-Men Collection
46512,Missing In Action Collection
102008,Another Gay Movie Collection
241729,Alpha And Omega Collection
2248,Torrente Collection
264339,The Hamiltons Collection
280539,Lassie (Kinofilme)
13800,Futurama Collection
44215,Stargate Sg-1 Collection
367092,No Collection
175722,The Gorky Collection
314042,Onomichi Trilogy
140059,We Were Here
267551,Aniskin Collection
479319,George Carlin Comedy Collection
96682,Zeitgeist Collection
114993,Unstable Fables Collection
286177,Footsoldier Collection
159603,Kidulthood Collection
436982,Spl Collection
315595,Tinker Bell Collection
56005,Dead Space Collection
123203,Hellboy (Animated) Collection
87250,Bambi Collection
19160,Ferngully Collection
123800,Before... Collection
322330,Garfield Holiday Celebrations
205029,The Reef Collection
140760,Final Fantasy Collection
352020,Духless (Коллекция)
434533,Death Race Original Collection
411859,Barbie Fairytopia Collection
279445,No Collection
133352,Resident Evil: Biohazard
333154,Sunes Samtliga Resor
113679,Design Trilogy
464270,The Man From Earth Collection
98180,Jungle Jim Collection
282246,No Collection
242587,Rudolph The Red-Nosed Reindeer Collection
9518,The Transporter Collection
24717,Johan Falk Gsi Collection
394204,The Snowman Collection
134063,Animation Runner Kuromi (Oav Collection)
124879,State Property Collection
463394,Always: Sunset On Third Street Collection
135466,Grave Encounters Collection
166381,Atlas Shrugged Collection
115776,Robert Langdon Collection
165369,The Collector Collection
224026,Monster High Collection
115575,Star Trek: Alternate Reality Collection
416305,Killjoy
116669,The Scorpion King Collection
109076,Lost Boys Collection
86797,Arn Collection
105324,Mirrors Collection
187734,La Classe Américaine & Cie
97768,Lake Placid Collection
328,Jurassic Park Collection
259398,Teenage Apocalypse Trilogy
374418,The Mangler Collection
47391,Sleepaway Camp Collection
209739,Macgyver (Tv Movies) Collection
85945,The Mesrine Collection
148055,Camp Rock Collection
263866,No Collection
170754,Arthur Collection
259027,The Wolf Man (Universal Series)
363015,Frosty The Snowman Collection
338416,Kirikou
5039,Rambo Collection
106768,Tarzan (Animation) Collection
66761,Open Season Collection
192492,The Jack Ryan Collection
325470,The Lego Movie Collection
134897,The Smurfs (Theatrical) Collection
260586,Le Cœur Des Hommes
463398,Black & White Collection
404302,Cold War Collection
237444,A Golden Christmas Collection
137804,Никто Не Знает Про Секс - Коллекция
8385,No Collection
221539,Dracula (Universal Series)
9485,The Fast And The Furious Collection
126125,The Expendables Collection
123932,Quarantine Collection
436483,Bad Kids Collection
135441,Road To Collection
297923,No Collection
313086,The Conjuring Collection
251937,A Haunted House Collection
137696,"Monsters, Inc. Collection"
324458,The Mark Collection
297299,Bullit & Riper Collection
239595,Nativity Collection
14377,Death Wish Collection
256296,"Silent Night, Deadly Night Collection"
89272,The Man From Snowy River Collection
107949,Puppet Master Collection
386495,Fubar Collection
140612,Fullmetal Alchemist Collection
126580,One Missed Call Collection
430201,Demons Collection
77816,Kung Fu Panda Collection
48037,Meatballs Collection
301508,Sadako 3D Collection
479971,Sağ Salim Serisi
48190,Revenge Of The Nerds Collection
91657,Disney Buddies Collection
14095,Barefoot Gen Collection
178106,Darko Collection
362047,Bikini Summer Collection
282117,Skeleton Key Collection
144200,Swan Princess Series
353721,You Got Served Collection
151263,Wargames Collection
141615,Niko - Coleccion
44976,Dhoom Series
85890,The Librarian Collection
124188,Pulse Collection
469648,Santas Paw
254636,Maniac Cop Collection
14246,Sniper Collection
123438,Loose Change Collection
9649,Mexico Trilogy
230532,Marley & Me Collection
45355,Kevin Smith: Silent Bob Speaks!
20970,Sarkar Collection
70764,Largo Winch Collection
374386,Anglo-Zulu War Collection
264437,My Bloody Valentine Collection
57129,Rugrats Collection
529,Wallace & Gromit Collection
286038,Dead Snow Collection
297371,Reeker Collection
129293,The Dick Proenneke Collection
498,Heart Of Gold Collection
306926,Monsters Collection
21624,Golmaal Collection
328372,Mall Cop Collection
98435,Patlabor Collection
47814,The Thin Man Collection
290973,"Crouching Tiger, Hidden Dragon Collection"
146042,Oskar Luts Collection
39438,Emmanuelle Collection
286904,Ultimate Avengers Collection
52749,The Butterfly Effect Collection
177675,The Last Exorcism Collection
163902,Red Collection
269190,The Ultimate Collection
104833,Fletch Collection
41437,Paranormal Activity Collection
243598,The Best Man Collection
243738,The Work And The Glory Collection
375228,The Condemned Collection
383632,A Man Called Horse Collection
129453,Eating Out Series
378268,Havoc Collection
185682,The Adventures Of Antoine Doinel
96661,Afro Samurai Collection
256433,Dabangg Collection
70068,Ip Man Collection
376970,Cocaine Cowboys
458017,Tom And Jerry Collection
90348,Witch Mountain Collection
199141,Tenchi Muyô Collection
476066,Begotten Collection
148315,Pekko Aikamiespoika Collection
122017,Screamers Collection
135468,G.I. Joe (Live-Action) Collection
110179,The Cutting Edge Collection
97459,The Jungle Book Collection
271668,Caballeros Collection
393564,No Collection
96937,The Boogeyman Collection
421904,Batman (Dc Universe Animated) Collection
192174,Crows Collection
100415,Thumbs! Collection
1582,Teenage Mutant Ninja Turtles (Original) Collection
324475,Mann Filmreihe
395433,Lone Wolf Film Series
385639,The Sentimental Swordsman Collection
284700,Ivan Brovkin Collection
169740,The Haunting In Connecticut Collection
417491,Bon Cop Bad Cop Collection
117777,Undisputed Collection
159613,Election Collection
64751,Crank Collection
93731,Waiting Collection
210303,Rebuild Of Evangelion
351230,Dream A Little Dream Collection
91588,Oss 117 Collection
47770,Phantasm Collection
263193,No Collection
473185,Dead In Tombstone Collection
270252,Planes Collection
151,Star Trek: The Original Series Collection
212166,Puella Magi Madoka Magica: The Movie
259308,I Soliti Idioti Collection
195646,Galaxy Express 999 Collection
32135,The Toxic Avenger Collection
89188,Harry Palmer Collection
92222,No Collection
415695,Nadodikkattu Collection
152918,Mister Blot Collection
475511,Steal This Film Collection
3167,Ace Ventura Collection
354210,Born Free Trilogy
168182,Philo & Clyde Collection
285879,Seed Collection
86553,Cold Prey Collection
342577,Till Luck Do Us Part Collection
403603,La Tour Infernale
154752,Legend Of The Galactic Heroes Collection
24761,The Millennium Collection
47983,Killer Tomatoes! Collection
122123,Three Heroes Collection
206921,Star Wreck Collection
263,The Dark Knight Collection
452942,Megazone 23 Collection
239766,The Klapisch Trilogy
349889,Robot Jox Collection
1565,28 Days/Weeks Later Collection
164072,Baby Burlesks
410261,A Goofy Movie Collection
86346,Sabrina The Teenage Witch Collection
362554,Ex Collection
1570,Die Hard Collection
205672,Encounters Of The Spooky Kind Collection
337957,Abcd Collection
283579,Divergent Collection
312735,Annie Collection
461937,"Sarah, Plain And Tall Collection"
17255,Resident Evil Collection
374509,Godzilla (Showa) Collection
446782,The Disappearance Of Eleanor Rigby
256322,The Purge Collection
227147,Tokyo Decadence Series
152544,Green Street Hooligans Collection
289288,Per Fly Trilogien (Samling)
478442,Lammbock Collection
221544,The Mummy (Universal Series)
298778,1920 Collection
437584,The Falls Collection
48655,Deathstalker Collection
207621,V/H/S Collection
85943,Night At The Museum Collection
160677,"Ninja, Band Of Assassins Collection"
294519,The Shaggy Dog Collection
162782,Mommies Collection
51509,Meet The Parents Collection
173738,Fanthagirò Collection
97156,Varg Veum Collection
264317,Bhoothnath Collection
185103,Hotel Transylvania Collection
122952,Vampire Hunter D Collection
137913,The Hunters Collection
102019,Death Note Collection
393326,Torchy Blane
112537,Sällskapsresorna
206449,Jungledyret Hugo Collection
449750,Fanny Brice Collection
159600,House Party Collection
304,No Collection
126166,The Delta Force Collection
413731,Nitro Collection
1617,Erkan & Stefan Filmreihe
188197,Cetto La Qualunque - Collezione
390096,Hitman Collection
185627,Umizaru Collection
379475,Batman Beyond Collection
391040,Gone In 60 Seconds Trilogy
97919,The Love Comes Softly Collection
201061,War Of The Worlds Collection
170416,God Of Gamblers Collection
107725,Creepshow Collection
71458,3 Ninjas Collection
213697,Sex Is Zero Collection
111751,Texas Chainsaw Massacre Collection
9328,Free Willy Collection
94589,Ong Bak Collection
43064,Speed Collection
255702,The Rutles Collection
275873,Dr. Who Collection
328073,Síť (Kolekce)
374930,Snow Queen Collection
106000,Beastmaster Collection
157626,The Comedians Of Comedy Collection
373918,Garfield (Animation) Collection
245129,Pumping Iron Collection
91746,No Collection
245198,Feluda Collection
265709,00 Schneider Filmreihe
124492,The Dirty Dozen Collection
1657,Zorro Collection
41649,The Party Collection
295,Pirates Of The Caribbean Collection
141084,No Collection
96887,Zatôichi: The Blind Swordsman
245326,The Fjällbacka Murders
171439,F/X Collection
1709,Planet Of The Apes Original Collection
376650,Ride Along Collection
426370,The Wog Boy Collection
86578,Hostel Collection
118474,Truth In 24 Collection
350836,Dark Planet Collection
105625,House Of 1000 Corpses Collection
8412,Anatomy Collection
456576,Journey To The West Collection
404770,Superman (Dc Universe Animated) Collection
215452,Kokowääh Filmreihe
158376,Hanzo The Razor Collection
23497,Bleach (Collection)
33059,Wild Things Collection
221622,12 Rounds Collection
166373,The Marine Collection
143588,Why Did I Get Married Collection
105629,Paradise Lost Collection
373538,Enter The Ninja Collection
229932,Rio Collection
405393,The Black Stallion Collection
37261,The Carry On Collection
256477,Saheb Biwi Aur Gangster Collection
353708,Kill Buljo Collection
1733,The Mummy Collection
448468,Grey Gardens Collection
442352,Brice Collection
225543,Gasland Collection
478628,Sherlock Holmes (1939 Series)
44724,Don Collection
304025,Gwendolyn Shepherd Collection
123717,She Collection
158643,Laid To Rest Collection
108043,Hamilton Collection
350402,Barney Collection
122945,The Legend Collection
94035,Anne Of Green Gables Collection
2366,The Jaws Collection
129407,John Pinette Collection
23456,One Piece Collection
386162,Lego Dc Comics Super Heroes Collection
87359,Mission: Impossible Collection
147220,Valami Amerika Gyűjtemény
408196,Teen Beach Collection
456980,The Paleface Collection
102128,Lone Wolf And Cub Collection
413935,Wizards Of Waverly Place Collection
264481,Mega Shark Collection
87228,Swamp Thing Collection
446015,Golgo 13 Collection
116847,Dr. Phibes Collection
315091,Что Творят Мужчины! (Коллекция)
294468,Flubber Collection
182923,Tetsuo Collection
168186,Witchboard Collection
389867,Shark.Attack
257960,The Raid Collection
161314,The Angel Collection
429232,Vai Que Dá Certo
170452,Timecop Collection
308645,The Foreigner Collection
424202,Trainspotting Collection
244242,Ninja Collection
201778,Dorm Daze Collection
141448,Fuga De Cerebros - Collection
447622,Barbie Mariposa Collection
200641,Red Lotus Collection
330075,Little Witch Academia Collection
48188,Poison Ivy Collection
377491,Les Profs
59007,Bionicle Collection
417064,If You Are The One (Collection)
33514,The Twilight Collection
256287,Justice League (Animated) Collection
287016,No Collection
476063,Guinea Pig Collection
239430,Think Like A Man Collection
294918,Paranormal Investigations Collection
140758,Decoys Collection
138908,2 Days In... Collection
475520,The Yes Men Collection
96850,Evangelion Collection
44913,Ghoulies Collection
456580,No Good Middle-Aged Yakuza Trilogy
478947,Psy Collection
8650,Transformers Collection
87232,The Apple Dumpling Gang Collection
44917,Swordsman Collection
135179,Sin City Collection
103001,Fantomas Collection
212562,Jump Street Collection
89959,Mr. Moto Collection
205459,Fearless Hyena Collection
223564,The Cell Collection
192167,The Bride With White Hair Collection
86780,Clash Of The Titans Collection
160952,Caméra Café
376527,Richard The Lionheart Collection
443996,Ghost In The Shell: Stand Alone Complex
158373,The Lost Skeleton Collection
225961,Birdemic Collection
26863,Caprinos Eventyrlige Verden
172000,Vi Hade I Alla Fall Tur Med Vädret Collection
353754,Trilogía Sollima
330555,Ernest Collection
138965,The Mummy (Hammer Series)
100992,The Flicka Collection
65249,Tarzan (Johnny Weissmuller Series)
45154,Darkman Collection
215326,The Bad New Bears Collection
286006,Rest Stop Collection
11140,Dr. Mabuse Collection
110177,Goal! Collection
405256,Dolemite Collection
216395,Parent Trap Collection
386491,The Adventures Of Mickey Matson Collection
282971,Aashiqui Collection
454520,Captain Harlock Collection
115570,Star Trek: The Next Generation Collection
160727,Stomp The Yard Collection
393328,Library Wars Collection
379897,Hayride Collection
207632,The Abcs Of Death Collection
421084,Disneys Große Pause
59009,08/15 Collection
115164,Hornblower Collection
195071,Adventures Of Mowgli
1952,Usa: Land Of Opportunities Collection
303969,"Martin Scorsese’S World Cinema Project, Vol. 1"
400700,Neighbors Collection
332357,The Dukes Of Hazzard Collection
114431,The Incredible Hulk (Tv Movie) Collection
319850,Department Q Series
154002,Easy Money Collection
44722,Munna Bhai Collection
259256,Race Collection
196753,Ghost In The Shell: Arise
1974,The Grudge Collection
197476,Captain America 1979 Classic Collection
237445,Inspector Gadget Collection
9744,Fantastic Four Collection
256548,Father Of Four Collection
347469,Antboy Collection
295130,The Maze Runner Collection
278467,Trilogía De La Violencia De Michael Haneke
114916,Сказки Чуковского
339577,Grindhouse Collection
8864,Final Destination Collection
141282,The Brave Little Toaster Collection
151149,My Sisters Kids Collection
2467,Tomb Raider Collection
268098,Wolf Creek Collection
479549,Joséphine - Saga
362878,Yamla Pagla Deewana
87096,Avatar Collection
397382,Epoch Collection
389978,"Hard Revenge, Milly Collection"
103573,Sister Act Collection
253537,Spud Collection
201260,Trilogy Marseillaise
259363,No Collection
385863,F.C. De Kampioenen Collectie
343297,My Little Pony: Equestria Girls Collection
107546,Puff Collection
412680,Hard Target Collection
401655,Welcome Collection
455278,My Mom Is A Character Collection
86066,Despicable Me Collection
142022,Hera Pheri Collection
476054,The Hitcher (1986) Collection
142021,Dhamaal Collection
142680,Alex Cross Collection
426761,Hentai Kamen Collection
358930,Contracted Collection
322650,Detonator Collection
164395,The Messengers Collection
246091,Krrish Collection
39244,Digimon Collection
455123,Belle Et Sébastien
9088,The Little Polar Bear Collection
297252,Not Quite Human Collection
425881,Thunder In Paradise Collection
63043,Tron Collection
286023,Sharknado Collection
472781,Inoshika Ocho Series
52984,National Treasure Collection
360342,Tarzan (Lex Barker Series)
96679,Road Trip Collection
206786,Goopy Bagha Trilogy
103577,The Whole Nine/Ten Yards Collection
20725,Raaz Collection
273099,Olsen Banden (Samling)
97445,Air Bud Collection
449530,Mystery Woman
336557,The Ouija Experiment Collection
143766,The Substitute Collection
391860,Kingsman Collection
219691,I Spit On Your Grave Collection
423877,Turkish Star Wars
453993,The Wolverine Collection
126209,Halloween (Rob Zombie Series) Collection
33878,Destricted
123249,"Ilsa, She Wolf Of The Ss Collection"
428046,Viy Collection
107462,Osobennosti Natsionalnoy ... - Collection
212123,Tiny Times Collection
209131,Man Of Steel Collection
150954,My Friends Collection
340633,Eberhofer Krimi Collection
114488,Moskva-Kassiopeya Collection
122776,Kvartet I Collection
23453,Tengen Toppa Gurren Lagann Collection
218293,Brother Collection
252313,The Endless Summer Collection
117693,Balto Collection
24726,Johan Falk Collection
2806,American Pie Collection
90863,Rush Hour Collection
441439,Alienation Trilogy
157671,The Decline Of Western Civilization Collection
240690,Billy Jack Collection
23240,The Garden Of Sinners
424830,The Benji Collection
401270,Lee Rock Collection
295852,Extralarge Collection
452675,Cleopatra Jones
294187,Born To Race Collection
251383,The Gamers Collection
294226,The Dead Collection
39199,Detective Conan Collection
230161,Fright Night (Reboot) Collection
266672,Ted Collection
263106,Twitches Collection
189159,Project A Collection
397848,Magic Kid Collection
344830,Fifty Shades Collection
416942,Madeline
84,Indiana Jones Collection
101676,My Wife Is A Gangster Collection
186102,Eddie And The Cruisers Collection
369380,If I Were You Collection
182371,Armitage Iii Collection
157890,The Matt Helm Collection
222639,Detective Dee Collection
528,The Terminator Collection
351228,Ski School Collection
289531,Gator Collection
161766,Gamera Films
112860,Kati Collection
363014,Like Mike Collection
464374,Ur Kärlekens Språk
419784,Masti Collection
205977,The Kingdom
353792,Garage Sale Mystery Collection
298187,Lezioni Di Cioccolato Collection
63170,Jönsson Gang
140126,Vabank (Collection)
385709,Tales From The Dark Collection
457305,Man Of Marble/Iron Collection
169329,Göta Kanal Collection
53154,Inuyasha Collection
160468,The Frogtown Collection
113589,The Hire
295862,The Brd Collection
3106,World Of Watches Collection
280588,Horrible Bosses Collection
288491,Dolphin Tale Collection
464308,The Nut Job Collection
403001,Meu Passado Me Condena
87186,The Boondock Saints Collection
315944,Wallander (Rolf Lassgård)
290933,Superman / Batman (Animated) Collection
218406,Frankenstein (Universal Series)
182813,Clerks Collection
220448,Mr. Wong Collection
147207,Glass Tiger Collection
393744,Горько! (Коллекция)
222634,Tooth Fairy Collection
313576,Hot Tub Time Machine Collection
442195,No Collection
438087,Topper Collection
124930,King Of The Zombies Collection
122922,In The Name Of The King Collection
418326,"Signed, Sealed, Delivered"
354066,The Nancy Drew Collection (Bonita Granville)
179042,Anja & Viktor Collection
211721,Taxi Collection
344555,"F*Ck You, Goethe Collection"
2704,The Bible Collection
415799,East Side Kids
360112,He Who Dares Collection
334414,Ostwind Filmreihe
167613,Alvin And The Chipmunks Collection
179892,Kick-Ass Collection
396839,Robotech (Samling)
429234,Trilogia Zé Do Caixão
432151,Daffy Duck Movie Collection
104842,Blue Collar Comedy Tour Collection
293981,Flowers In The Attic Collection
388180,Ocho Apellidos - Colección
369005,Ten Minutes Older... (Collection)
167456,Our Man Flint Collection
257571,C.H.U.D. Collection
415699,Devasuram Collection
230,The Godfather Collection
251858,Brancaleone Collection
298162,"All Inclusive, Или Все Включено (Коллекция)"
55428,Curious George Collection
137766,Zapped Collection
2396,Asterix And Obelix Collection
142717,The Cremaster Cycle
2883,Kill Bill Collection
394316,Johnny Tsunami Collection
221308,"Oh, God! Collection"
135501,976-Evil Collection
98077,Der Bockerer Collection
378453,Henry Fool Collection
279959,The Inbetweeners Collection
309300,The Trip Collection
297143,Dexter Riley Collection
426103,Ouija Collection
194752,Trilogie
88574,Scanners Collection
86092,Step Up Collection
421566,Totò Collection
135495,King Kong (1933 Series)
86311,The Avengers Collection
123726,Quatermass (Hammer Series)
404609,John Wick Collection
351667,Un Éléphant Ça Trompe Énormément
206072,Running Out Of Time Collection
480071,No Collection
283733,The Three Brothers Collection
476065,What The Bleep! Collection
106784,Love In The City Collection
103291,Subspecies Collection
315054,Dark World Collection
315750,They Call Me Bruce Collection
212279,Piranha Collection
395556,The August Underground Collection
149191,Lady Snowblood Collection
107465,Six Degrees Of Celebration Collection
324703,Overheard Collection
136218,Night Of The Demons Collection
258664,Nymphomaniac Collection
409343,No Collection
285564,Jarhead Collection
31562,The Bourne Collection
283417,Rampage Collection
402074,Annabelle Collection
43058,Homeward Bound Collection
258372,Ivan Tsarevich & The Grey Wolf Collection
17149,20Th Century Boys Collection
38451,Charlie Chan (Warner Oland) Collection
334996,Son Of Batman Collection
138706,The Stepfather Collection
135509,The Last Picture Show Collection
478545,American Addict Collection
296429,I Spit On Your Grave (Original) Collection
369004,Borsalino Collection
258506,Short Peace
306882,Thunderbirds (Animation) Collection
192974,White Crane Chronicles
157504,Walking Tall Original Collection
397598,Arabian Nights
272673,Cat People Collection
261286,Bad Ass Collection
171586,Ptu Collection
311102,Klassefesten (Samling)
350309,Bahubali Collection
41658,Fantozzi Collection
131989,Recep İvedik Serisi
101385,Trailer Park Boys Collection
464125,Dragon Nest Collection
259085,Ironclad Collection
114915,Xtro Collection
201689,Karas The Collection
435259,Fantastic Beasts Collection
327598,"To Sir, With Love Collection"
293196,Big Man Collection
456733,The 1997 Trilogy
260601,The Worricker Collection
185667,The Complete Monterey Pop Festival
265865,Space Dogs
135483,Taken Collection
87118,Cars Collection
298820,American Pie (Spin-Off) Collection
460334,Bulldog Drummond (Richard Johnson) Collection
248126,Splash Collection
108669,Get Smart Collection
467457,Race Gurram Collection
331841,Babysitting
434270,Lew Harper Collection
211753,Caprona Collection
295274,The Crossing Collection
314023,Hercules (Lou Ferrigno) Collection
2643,Aces Go Places Collection
338327,Beach Party Collection
223926,"Impy, The Small Dinosaur Collection"
328247,Magic Mike Collection
85817,Arthur And The Invisibles Collection
123256,Pumpkinhead Collection
417481,Father And Guns Collection
148065,Doraemon Collection
427956,Dr Goldfoot Collection
91663,Airplane Collection
93369,Ringu Collection
295777,Korengal Valley Documentaries
120794,Batman Collection
93788,Prep & Landing Collection
306937,Best Exotic Marigold Hotel Collection
473943,Gonin Collection
134635,Santa Baby Collection
123218,Troll Collection
141252,Cardcaptor Sakura Collection
264434,Demonic Toys Collection
124949,Almighty Collection
279715,Beck Collection
319644,Black Scorpion Collection
169851,The Chubbchubbs Collection
107473,Ирония Судьбы (Коллекция)
330892,Sides Of The Bed
456778,Max (Collection)
203178,Jack Frost Collection
288235,Cat Run Collection
473971,No Collection
442338,"Rico, Oskar 1, 2 & 3"
138971,The Slumber Party Massacre Collection
48802,I Love A Mystery Movie Series
425280,Slime City Collection
280504,Mechanic Collection
312744,Madicken
343733,Lotta
425880,The Cheetah Girls Collection
257071,All Stars Collectie
466463,Descendants Collection
303872,Little Nicholas Collection
168545,Sometimes They Come Back Collection
91430,The Neverending Story Collection
104716,Basket Case Collection
8354,Ice Age Collection
279244,Family Guy Presents Collection
87252,Halloweentown Collection
2794,The Chronicles Of Riddick Collection
281644,Rocky Horror Collection
228446,Insidious Collection
164394,If These Walls Could Talk Collection
201548,The One-Armed Swordsman Collection
108170,The Blind Dead Collection
129748,The Gruffalo Collection
256297,No Collection
385386,Parasyte Collection
227140,Black Emanuelle Collection
357173,Sinister Collection
374436,Waldemar Daninsky Collection
448758,Burnout Collection
263101,Sailor Moon Collection
370374,Sharktopus Collection
413946,Gamma One Collection
286951,Singham Collection
294172,Tekken Collection
33381,The Whistler Collection
123751,Blood Island (Hammer Series)
207415,Fatal Fury Collection
327871,Count Yorga Collection
109079,Saint Seiya Collection
123740,Vampire Karnstein (Hammer Series)
315560,The Woman In Black Collection
147765,The Dog Who Saved Christmas Collection
326849,Mostly Ghostly Collection
220872,Men In The City Collection
307637,Jingle All The Way Collection
211860,Mountain Family Robinson Collection
393379,The Huntsman Collection
122947,Omega Code Series
473847,The War Of Flower Collection
126220,The Waxwork Collection
386549,"Fat, Sick & Nearly Dead"
382685,Now You See Me Collection
109082,Left Behind Collection
391047,On Any Sunday Collection
402457,The Durango Kid
413661,Charlie Chan (Sidney Toler) Collection
478328,The Houses October Built Collection
416491,Major Korenev Trilogy
448150,Deadpool Collection
407273,Dead Rising Collection
429231,Tainá
208765,Europa Trilogy
439596,Lavalantula Collection
473840,Little Forest Collection
96680,No Collection
370411,Attack On Titan Collection
474015,Mandıra Filozofu Serisi
321148,Zenon Collection
468552,Wonder Woman Collection
2980,Ghostbusters Collection
284111,Barbarian Queen Collection
366444,Demetrius Filmreihe
400412,Northpole
139450,Memories Collection
246207,Gunbuster Collection
110041,Naked Fear Collection
104202,Mr. Bones Collection
345865,Emmanuelle 2000 Collections (Usa)
389767,My Big Fat Greek Wedding Collection
441179,Chaar Sahibzaade Collection
9046,A Chinese Ghost Story Collection
179244,No Collection
201930,Blacula Collection
85861,Beverly Hills Cop Collection
96660,Circuitry Man Collection
256729,War Trilogy
123720,Frankenstein (Hammer Series)
333398,Cabin By The Lake Collection
401562,Teenage Mutant Ninja Turtles (Remake) Collection
473845,Midnight Diner Collection
452146,Old Way Collection
86336,Basic Instinct Collection
3292,Tulse Luper
98462,Fu Manchu Collection
123289,Unoffical Ghosthouse Series
84785,La Trilogie De La Mort – Nacho Cerda
441682,Klovn
205145,Gor Collection
183256,Kiler Collection
85473,The Human Condition
429826,The Hobgoblin Collection
48194,Ator Collection
138163,Trylogia Sienkiewicza
115840,Would I Lie To You? Collection
102452,Samurai Collection
473983,Hababam Sınıfı Collection
257899,No Collection
158038,Die Nibelungen Collection
372257,The Poseidon Adventure Collection
480160,All Of My Heart Collection
86668,Elektra Luxx Collection
16302,Battle Royale Collection
437608,Papa Ou Maman Collection
153948,Best Of The Best Collection
363092,Mythica Collection
334356,The Man With The Iron Fists Collection
281882,Public Enemy Series
131780,Whispering Corridors Collection
146532,The Storm Riders Collection
179919,Percy Jackson Collection
359005,The Jake Gittes Collection
380006,Mondo Cane Collection
356688,Batman Unlimited Collection
87251,The Good Witch Collection
427084,The Secret Life Of Pets Collection
368982,Mvp
334486,Detective K Collection
364344,"Murder, She Baked Collection"
352789,Zoolander Collection
364342,Gourmet Detective Collection
446792,The Bremen Town Musicians (Collection)
86110,Diary Of A Wimpy Kid Collection
124950,American Graffiti Collection
474012,Kocan Kadar Konuş Serisi
133891,Confessions Collection
385719,The Underdog Knight Collection
427113,Little Bear
133676,Knerten Collection
168618,The Moment After Collection
124934,Alligator Collection
471435,Wolf Warriors Collection
167691,Trilogy Of Life
214702,Mi Nismo Anđeli Collection
341455,Tanu Weds Manu Collection
331475,Shiloh Collection
371950,Dark Woods Collection
476961,Goon Collection
458813,Salt And Pepper Collection
208602,No Collection
425435,Flatland Collection
338313,Argo Collection
422361,Barbie A Mermaid Tale Collection
166379,Turbulence Collection
191023,The Yakuza Papers Collection
403374,Jack Reacher Collection
87258,The Descent Collection
376128,Beck - Historien Om Ett Brott
257378,Fast Getaway Collection
361140,House Of Angels Collection
8091,Alien Collection
382402,Assassination Classroom Collection
457550,Sugata Sanshirō Collection
181496,Davy Crockett Collection
112399,Under Siege Collection
96666,Eden Of The East Collection
479692,Robert
390774,The Krays Collection
245321,K3 Collectie
338282,Single White Female Collection
163798,Gumball 3000 Collection
284346,Nana Collection
374202,Kizumonogatari
363918,Aurélie Laflamme Collection
3601,I Know What You Did Last Summer Collection
53043,The Magick Lantern Cycle
198987,Winnie-The-Pooh (Russian)
427627,Outlaw Gangster Vip: The Complete Collection
171732,Mothra Collection
385720,Zebraman Collection
445332,No Collection
142182,Bananas!* Collection
324909,Lassemaja: Samling
735,Blade Collection
37139,Naked Gun Collection
123255,Prom Night Collection
440769,Minions: 3 Mini-Movie Collection
461755,Napapiirin Sankarit
113635,The Modesty Blaise Collection
433140,Zipi Y Zape - Colección
451539,The Bridge
165778,We Are From The Future Collection
148324,Uuno Turhapuro
9309,Winnetou Collection
314917,Flesh Gordon Collection
84923,The Orphic Trilogy
304809,Schoolgirl Report Collection
330605,The Sting Collection
389544,Les Tuche
165743,Ranma Collection
190135,Love Hina Collection
466388,Düğün Dernek Collection
96671,The Human Centipede Collection
199629,Hercules Tv Movies
401119,Flower Shop Mystery Collection
117952,The Dentist Collection
106790,Hooked Collection
403161,Miles Jupp Standup Collection
50457,Sex And The City Collection
284024,The Exterminator Collection
398740,Mister Roberts Collection
466894,Teen Titans Collection
437439,Phobia Collection
385721,Zu Warriors Collection
402380,Pitbull - Kolekcja
206559,Streetdance Collection
394258,The Amazing Colossal Man Duology
90031,Inner Sanctum Mysteries
444275,Eccezzziunale... Veramente Collections
376567,I Pompieri - Collezione
397444,Kindergarten Cop Collection
41083,Scuola Di Ladri - Collezione
23170,Burnt By The Sun Trilogy
415054,Облако-Рай (Коллекция)
478244,No Collection
206857,Romantik Komedi [Seri]
463959,Tangled Collection
188458,Trilogy Of Terror Collection
115142,Tales From The Crypt Collection
424842,Maigret (Rowan Atkinson) Collection
460357,Ada Apa Dengan Cinta? Collection
48317,The Man With No Name Collection
96676,Never Back Down Collection
142015,Housefull Collection
143302,Mobile Suit Gundam Collection
256484,Carnosaur Collection
8819,Casper Collection
177062,Blondie Collection
441061,No Collection
242765,In The Line Of Duty Collection
115762,Avp Collection
384040,The Six Million Dollar Man Collection
103190,The Female Prisoner Series
159340,Bang Rajan Collection
449462,Super Troopers Collection
382113,Spiders - Collection
220441,Art Of The Devil Collection
477208,Dc Super Hero Girls Collection
431791,Classmates Collection
278920,Vampires Suck Collection
138974,The Sorority House Massacre Collection
340623,The Gate Collection
308465,The Emigrants Collection
47627,Trancers Collection
442237,Mikogami Trilogy / Wanderer Jôkichi
129626,The Pub Landlord Collection
48829,The Streetfighter Collection
422193,The Blob Collection
473843,Stake Land Collection
463068,Täällä Pohjantähden Alla (Timo Koivusalo)
86055,Men In Black Collection
285249,Hard Time Collection
288882,Bloodfight
466004,A Few Best Men Collection
472917,In The Vineyard Collection
2602,Scream Collection
153629,Flower & Snake Collection
12141,3 Men (Original) Collection
120417,The Elusive Revengers Collection
463112,Hailey Dean Mystery Collection
395466,Tere Bin Laden Collection
46082,Ma And Pa Kettle Collection
413937,Father Flanagan Collection
458697,Macon County Collection
4246,Scary Movie Collection
361007,Calcutta Trilogy
121067,Bloodfist Collection
261057,I Am Curious Collection
156152,La Trilogie Marseillaise
372479,Les Boys
91660,30 Days Of Night Collection
141748,Robot Chicken: Star Wars Collection
145494,The Gidget Collection
266846,Corto Maltese
432,Cube Collection
426985,Ivan The Terrible Collection
360344,Tarzan (Gordon Scott Series)
279836,Herr Lehmann Filmreihe
86029,No Collection
135508,Allan Quatermain (1950 Series)
47630,The Falcon Series
104830,Piranha 3D Collection
256953,The Comics Collection
354164,Lamù Collection
4438,The Space Odyssey Series
91813,Angelique Collection
39460,The Water Of The Hills Collection
264914,Eye Of The Dolphin Collection
100286,Elizabeth Collection
262011,Sleuth Collection
395591,Sex And Zen Collection
4563,The Vengeance Collection
91698,Chili Palmer Collection
456,Sissi Collection
433061,Fred Collection
406817,Horror High Collection
265782,The Desert Collection
441461,Regalo Di Natale - Collezione
188138,Il Maresciallo Giraldi Collection
221111,S.W.A.T. Collection
468039,The Sally Lochhart Mysteries Collection
124426,New Kids Collection
441443,Ukraine Trilogy
203029,Witchcraft Collection
321061,The Wild Geese Collection
324149,Koker Trilogy
334563,The Sister Street Fighter Collection
151861,Lonesome Dove Collection
47400,Nick Carter Collection
47629,Mr. Boogedy Collection
192175,Fight Back To School Collection
495,Shaft Collection
119581,Elite Squad Collection
304378,Independence Day Collection
412736,Rare Exports Collection
150967,Benvenuti Al... Collection
277798,Isi/Disi Collection
155408,Young And Dangerous Collection
228335,Rakht Charitra
174407,Warriors Of Virtue Collection
464577,The Croods Collection
348843,Vampires Collection
55427,Fantasia Collection
474013,Kolpaçino Serisi
32153,Fallen Collection
94050,Lucky Luke (Animation) Collection
134633,Snow Collection
374663,Mrs. Miracle Collection
7505,Elements Trilogy
333000,No Collection
294834,Vixens Collection
404136,Hopalong Cassidy Films
148614,Kim Possible Collection
5202,Wild Orchid Collection
300546,Once Were Warriors Collection
351231,Hardbodies Collection
385250,Black Magic Collection
321065,The Sabata Collection
112369,Kung Fu Mahjong Collection
122780,Параграф 78 - Дилогия
93446,The Adventures Of Erast Fandorin
180498,Krummerne (Samling)
104769,Lilla Jönsonligan Collection
308153,The Cheerleaders - Collection
52789,Cruel Intentions Collection
102940,Break Blade Collection
5547,Robocop Collection
413663,Charlie Chan (Roland Winters) Collection
556,Spider-Man Collection
148320,Vääpeli Körmy - Collection
270156,The Sweeney Collection
343477,Kusswechsel Filmreihe
342009,Die Nibelungen Filmreihe
437628,Constantine Collection
188202,"Pane, Amore E… - Collezione"
239011,Detective Collection
106011,Shadow Boxing Collection
473730,Ringo Collection
65906,Mods Collection
188534,Fantômas Serial
93287,Seventh Company Collection
385712,The South Shaolin Master Collection
182617,Elvira Collection
99321,Gantz Collection
198697,Immaturi Collection
135014,Åsa-Nisse Collection
379920,Deadly Prey Collection
107467,Самый Лучший Фильм - Коллекция
158391,The Apu Collection
261240,U Pana Boga Collection
283775,Zanna Bianca Collection
445049,Il Medico Della Mutua Collection
86117,Johnny English Collection
156240,The Heroic Trio Collection
115839,Blue Crush Collection
317299,No Collection
421605,Heidi (Praesens-Film) Filmreihe
64748,Silent Hill Collection
101246,Azumi Collection
444665,I Due Carabinieri Collecion
132203,Alan Davies Collection
431417,Nevada Smith Collection
444377,Il Tassinaro
215293,The Under-Gifted Collection
107478,Lovey-Dovey Collection
2344,The Matrix Collection
59567,Shanghai Noon Collection
3963,The Crimson Rivers Collection
215456,Keinohrhasen Filmreihe
349336,Macskafogó Gyűjtemény
473502,Nasu Collection
363066,Erotic Ghost Story Collection
97462,Macross Frontier Collection
107461,Bummer Collection
362722,Fimfárum (Kolekce)
281097,Philo Vance Collection
324371,The Riffs Trilogy
188133,Les Charlots - Saga
380170,Flying Guillotine Collection
86083,Grease Collection
343944,Singam Collection
201545,Chinese Boxer Collection
256374,Zero Woman Collection
168949,The Encounter Collection
8936,Bridget Jones Collection
120447,Naval Cadets Collection
382238,Cyborg Cop Trilogy
197065,Dmb Collection
438282,Cross Collection
473977,Çalgı Çengi Collection
119234,Stray Cat Rock Collection
393290,Sartana Collection
119237,Legends Of The Poisonous Seductress
106368,Quando Le Donne Avevano La Coda
286162,Power Rangers Collection
380822,Penitenciaría - Colección
318037,Martial Law Collection
464784,The Water Of The Hills
92012,Happy Feet Collection
155421,Mr. Vampire Collection
404148,Olympia
397341,No Collection
260520,Kathleen Madigan Collection
224011,Dick Tracy 1940S Collection
192486,The Doctor Series
444485,Death Note Relight
148603,Ducobu Collection
363369,Pacific Rim Collection
107471,Yamakasi - Collection
289763,Long Arm Of The Law Collection
378025,Die Fritz Lang Indien-Edition
109608,Van Helsing Collection
218104,Snake Eater Collection
256746,Vampire Boys Collection
166018,M.D. Geist Collection
155093,Tom Thorne Collection
216435,All For ...
133923,Zombi Collection
416468,World War Z Collection
158814,Karlson Collection
72547,Journey Collection
267308,Hot Wheels: Acceleracers - Collection
142686,Зимняя Вишня (Трилогия)
347544,식객 시리즈
387618,8Mm Collection
257053,Carrie Collection
174995,Boys Love Collection
122661,Mardock Scramble Collection
160401,Ninjas Vs. Collection
75014,How I Unleashed World War Ii
439409,Fear Collection
429409,Force Collection
360346,Tarzan (Mike Henry Series)
8945,Mad Max Collection
1960,Evil Dead Collection
285428,The Cutlass Collection
219363,Prostokvashino Collection
133887,Apocalypse Collection
422837,Blade Runner Collection
277630,Cybertracker Collection
470274,Killer Crocodile Collection
180142,No Collection
393126,Letters To Santa Collection
400500,Чебурашка И Крокодил Гена
128123,Dark Rising Collection
477050,No Collection
144146,Lemmy Caution Collection
259411,Sex Up Filmreihe
1006,Austin Powers Collection
398758,Action Pack Bandit Films Collection
240156,Sami Swoi Collection
122778,Wodehouse P.G. Collection
404825,Wreck-It Ralph Collection
86113,Open Water Collection
19387,The X-Files Collection
198921,Алиса В Стране Чудес (Коллекция)
118221,No Collection
123640,No Collection
139394,Tomie Collection
329220,Adventures Of A ...
86414,Boston Blackie Series
201932,The Nigger Charley Collection
8979,No Collection
351684,The Flintstones (Live-Action) Collection
86774,Che Collection
462400,Wanted - Collection
86115,Garfield Collection
297501,Dixie Zombi - Colección
117354,Shin Chan Collection
14890,Bad Boys Collection
414000,Omae Umasou Da Na
166376,Hollow Man Collection
435108,Whistling Collection
122938,Ring Of Fire Collection
189295,The Spiders Serial
109044,Shadow Warriors
232403,Otto Collection
52988,Hot Shots! Collection
89151,The Gremlins Collection
9332,Crocodile Dundee Collection
9818,Mortal Kombat Collection
475802,Super Size Me Collection
43055,Conan The Barbarian Collection
212525,Trinità  Collection
436295,No Collection
945,Lethal Weapon Collection
165131,Dreileben
391739,Cirque Du Soleil Collection
9435,Babe Collection
205860,The Black Mask Collection
133297,Ants In The Pants Collection
165855,Kleines Arschloch Collection
110127,Analyze Collection
287684,Schule Collection
135502,Allan Quatermain Collection
8918,The Hills Have Eyes (Reboot) Collection
468222,The Incredibles Collection
107469,Save The Last Dance Collection
313234,Warriors Of The Rainbow: The Seediq Bale Saga
98448,Thou Shalt Laugh Collection
320064,El Pico - Colección
119240,The Joys Of Torture Series
351886,The Postman Collection
330524,Six Swedes Collection
